locality,lat,lng
Kharadi,18.5530,73.9400
Wadgaon Sheri,18.5525,73.9235
Wagholi,18.5800,73.9810
Pimple Saudagar,18.5980,73.8020
Wakad,18.5990,73.7700
Pimple Gurav,18.5870,73.8150
Hinjewadi 1,18.5920,73.7390
Hinjewadi 2,18.5880,73.7080
Hinjewadi 3,18.5840,73.6870
Dehu Road,18.6767,73.7368
Moshi,18.6700,73.8480
Akurdi,18.6476,73.7727
Pimpri,18.6298,73.7997
Bhosari,18.6290,73.8460
Rasta Peth,18.5185,73.8665
Somvar Peth,18.5230,73.8710
Shivaji Nagar,18.5310,73.8460
Khadki,18.5640,73.8440
Baner,18.5600,73.7870
Balewadi,18.5770,73.7770
Pashan,18.5370,73.7940
Bhukum,18.5120,73.7420
Charholi,18.6235,73.8955
Dhanori,18.5930,73.8990
Vishrantwadi,18.5730,73.8790
Lohegaon,18.5990,73.9270
Viman Nagar,18.5679,73.9143
Ramwadi,18.5555,73.9080
Bakori,18.5895,73.9955
Nanded City,18.4630,73.8010
Dhayari,18.4490,73.8140
Sinhgad Road,18.4900,73.8250
Ganeshkhind Road,18.5380,73.8350
Koregaon Park,18.5375,73.8930
B T Kawde Road,18.5200,73.9120
Lonavla,18.7546,73.4062
Hadapsar,18.5030,73.9270
Magarpatta,18.5155,73.9270
Amanora,18.5190,73.9370
Keshav Nagar,18.5385,73.9300
Wanowarie,18.4940,73.8990
AFMC,18.5045,73.8915
NIBM,18.4730,73.9010
Handewadi,18.4600,73.9290
Mohammedwadi,18.4760,73.9210
