area_id,area_name,name,locality,city,note,lat,lng
east,East Pune,Agradoot Bangosamaj,Kharadi,Pune,,,
east,East Pune,Nabo Banga Samaj,Kharadi,Pune,,,
east,East Pune,Jagoron Bengali Association,Kharadi,Pune,,,
east,East Pune,Banga Bharti,Wadgaon Sheri,Pune,,,
east,East Pune,Abahan,Wadgaon Sheri,Pune,,,
east,East Pune,Prangan Association,Wagholi,Pune,,,
east,East Pune,Kashphool Durgotsav,Wagholi,Pune,,,
east,East Pune,Nabo Bangiya Foundation,Wagholi,Pune,,,
east,East Pune,Anandamela (ABSS),Wagholi,Pune,,,
east,East Pune,Natun Diganta,Wagholi,Pune,,,
east,East Pune,Utkal Banga Sharodiya Durgotsav,Wagholi,Pune,,,
east,East Pune,"Banga Bharti Trust, Khalsa Mangal Karyalaya",Wagholi,Pune,,,
north,North Pune (PCMC),Oikyotan Bangiya Parishad,Pimple Saudagar,Pune,,,
north,North Pune (PCMC),Naboshakti Bongo Sangha,Pimple Saudagar,Pune,,,
north,North Pune (PCMC),Amader Barir Pujo,Wakad,Pune,,,
north,North Pune (PCMC),Bangiya Maitree Parishad,Pimple Gurav,Pune,,,
north,North Pune (PCMC),Hinjewadi Cultural Arena,Hinjewadi 1,Pune,,,
north,North Pune (PCMC),MHCA Phase 3,Hinjewadi 3,Pune,,,
north,North Pune (PCMC),Bhoirwadi (BSA),Hinjewadi 3,Pune,,,
north,North Pune (PCMC),Oitijhyo (OSCA),Hinjewadi 2,Pune,,,
north,North Pune (PCMC),"BKP, Dehu Road Kalibari",Dehu Road,Pune,,,
north,North Pune (PCMC),Anandadhara Prabasi Sanstha,Moshi,Pune,,,
north,North Pune (PCMC),Geetanjali Sangho,Akurdi,Pune,,,
north,North Pune (PCMC),Banga Bharati,Pimpri,Pune,,,
north,North Pune (PCMC),Biswa Bharati Kalimata Mandir,Bhosari,Pune,,,
north,North Pune (PCMC),Sri Sri Maa Mahishasurmardini Mahamayee Pujo,Bhosari,Pune,,,
central,Central Pune,Poona City Sarbajanin Durga Utsav,Rasta Peth,Pune,,,
central,Central Pune,Swarnabhumi Seva Sangha,Somvar Peth,Pune,,,
central,Central Pune,Bangiya Sanskriti Samsad,Shivaji Nagar,Pune,,,
central,Central Pune,Pune Kalibari,Khadki,Pune,,,
west,West Pune,Bengalee Association Pune (BAP),Baner,Pune,,,
west,West Pune,Paschim Pune Bangiya Parishad,Baner,Pune,,,
west,West Pune,Trikaya Sanskritik Foundation,Baner,Pune,,,
west,West Pune,Saptapadi (SCSA),Balewadi,Pune,,,
west,West Pune,Amra Sobai Bangali Sangho,Pashan,Pune,,,
west,West Pune,Aagomoni Prabasi Sangha,Pashan,Pune,,,
west,West Pune,Sanatan Sanskrutik Trust,Bhukum,Pune,,,
northeast,North East Pune,Jagriti Cultural Foundation,Charholi,Pune,,,
northeast,North East Pune,"SSD, Dhanori",Dhanori,Pune,,,
northeast,North East Pune,Navodaya Cultural Association,Dhanori,Pune,,,
northeast,North East Pune,PNBS,Vishrantwadi,Pune,,,
northeast,North East Pune,Naveen Matri Sangha,Lohegaon,Pune,,,
northeast,North East Pune,BSNR,Viman Nagar,Pune,,,
northeast,North East Pune,North East Sylheti Association,Ramwadi,Pune,,,
northeast,North East Pune,Pristine City Phase 1,Bakori,Pune,,,
south,South Pune,Aadishakti Bangiya Samaj,Nanded City,Pune,,,
south,South Pune,Kishaloy (KBP),Dhayari,Pune,,,
south,South Pune,Ramakrishna Math,Sinhgad Road,Pune,,,
south,South Pune,Sharada Math,Sinhgad Road,Pune,,,
city,Pune City & Nearby,Maa Durga Puja Samiti,Ganeshkhind Road,Pune,,,
city,Pune City & Nearby,Shree Maa Anandamayee Ashram,Ganeshkhind Road,Pune,,,
city,Pune City & Nearby,"Nandanik, Rohi Villa",Koregaon Park,Pune,,,
city,Pune City & Nearby,Aamantran,B T Kawde Road,Pune,,,
city,Pune City & Nearby,Sarvajanin Durga Puja Trust,Lonavla,Lonavla,,,
southeast,South East Pune,PBS Hadapsar,Hadapsar,Pune,,,
southeast,South East Pune,Agomoni (ACA),Magarpatta,Pune,,,
southeast,South East Pune,Chitrani,Amanora,Pune,,,
southeast,South East Pune,Nabankur (NBP),Amanora,Pune,Contact organizer before going,,
southeast,South East Pune,Sarveshwari Durgotsav,Magarpatta,Pune,,,
southeast,South East Pune,Magarpatta City Pujo,Magarpatta,Pune,Contact organizer before going,,
southeast,South East Pune,KeshavNagar Bengali Association,Keshav Nagar,Pune,,,
southwest,South West Pune,Anandam Association,Wanowarie,Pune,,,
southwest,South West Pune,Aikatan Durgoutsav,Wanowarie,Pune,,,
southwest,South West Pune,AFMC,AFMC,Pune,,,
southwest,South West Pune,Bichkshna,NIBM,Pune,,,
southwest,South West Pune,Aagomani Tribeca,NIBM,Pune,,,
southwest,South West Pune,Bongiya Sanskriti Sangho,Handewadi,Pune,,,
southwest,South West Pune,Amader Barir Pujo,Handewadi,Pune,Contact organizer before going,,
southwest,South West Pune,Kalpataru Cultural Association,Mohammedwadi,Pune,,,
